{
	"name": "SubLerpVal",
	"nodes": {
		"Group Input": {
			"bl_idname": "NodeGroupInput",
			"color": [
				0.6079999804496765,
				0.6079999804496765,
				0.6079999804496765
			],
			"location": [
				-244.1809844970703,
				33.80039596557617
			],
			"width": 140.0,
			"outputs": {
				"0": {
					"default_value": 0.5,
					"links": [
						{
							"node": "Math.002",
							"socket": 0
						}
					]
				},
				"1": {
					"default_value": 0.5,
					"links": [
						{
							"node": "Math.002",
							"socket": 1
						}
					]
				},
				"2": {
					"default_value": 0.5,
					"links": [
						{
							"node": "Math.003",
							"socket": 1
						}
					]
				}
			}
		},
		"Math.003": {
			"bl_idname": "ShaderNodeMath",
			"color": [
				0.6079999804496765,
				0.6079999804496765,
				0.6079999804496765
			],
			"location": [
				68.05899810791016,
				90.25042724609375
			],
			"operation": "MULTIPLY",
			"use_clamp": false,
			"width": 140.0,
			"inputs": {
				"0": {
					"default_value": 0.5
				},
				"1": {
					"default_value": 0.5
				},
				"2": {
					"default_value": 0.5,
					"enabled": false
				}
			},
			"outputs": {
				"0": {
					"links": [
						{
							"node": "Group Output",
							"socket": "Value"
						}
					]
				}
			}
		},
		"Group Output": {
			"bl_idname": "NodeGroupOutput",
			"color": [
				0.6079999804496765,
				0.6079999804496765,
				0.6079999804496765
			],
			"is_active_output": true,
			"location": [
				227.7747344970703,
				89.7458267211914
			],
			"width": 140.0
		},
		"Math.002": {
			"bl_idname": "ShaderNodeMath",
			"color": [
				0.6079999804496765,
				0.6079999804496765,
				0.6079999804496765
			],
			"location": [
				-85.53067779541016,
				112.82767486572266
			],
			"operation": "SUBTRACT",
			"use_clamp": false,
			"width": 140.0,
			"inputs": {
				"0": {
					"default_value": 0.5
				},
				"1": {
					"default_value": 0.5
				},
				"2": {
					"default_value": 0.5,
					"enabled": false
				}
			},
			"outputs": {
				"0": {
					"links": [
						{
							"node": "Math.003",
							"socket": 0
						}
					]
				}
			}
		}
	},
	"inputs": [
		{
			"default_value": 0.5,
			"max_value": 10000.0,
			"min_value": -10000.0,
			"name": "V1",
			"bl_idname": "NodeSocketFloat"
		},
		{
			"default_value": 0.5,
			"max_value": 10000.0,
			"min_value": -10000.0,
			"name": "V2",
			"bl_idname": "NodeSocketFloat"
		},
		{
			"default_value": 0.5,
			"max_value": 10000.0,
			"min_value": -10000.0,
			"name": "Fac",
			"bl_idname": "NodeSocketFloat"
		}
	],
	"outputs": [
		{
			"name": "Value",
			"bl_idname": "NodeSocketFloat"
		}
	],
	"cached_hash": "d43c84260d41c2ed4ab61e493f794b25"
}